FL_DATE,AIRLINE,FL_NUMBER,ORIGIN,DEST,CRS_DEP_TIME,Optimized_CRS_DEP_TIME
2023-08-31,Alaska Airlines Inc.,71,SEA,JNU,1900,2132
2023-08-31,Southwest Airlines Co.,1017,MCI,LGA,1605,1627
2023-08-31,American Airlines Inc.,2202,CLT,FLL,2130,2220
2023-08-31,SkyWest Airlines Inc.,3226,HPN,ORD,1630,1703
2023-08-31,American Airlines Inc.,2096,BOS,PHL,649,510
2023-08-31,Spirit Air Lines,1895,FLL,BWI,2120,2007
2023-08-31,Southwest Airlines Co.,4551,HOU,SAT,1755,1649
2023-08-31,Southwest Airlines Co.,512,DAL,ATL,2140,2030
2023-08-31,United Air Lines Inc.,1449,SFO,DEN,2027,1858
2023-08-31,JetBlue Airways,1453,FLL,SJU,1725,1545
2023-08-31,Southwest Airlines Co.,1184,HOU,STL,1855,1752
2023-08-31,Delta Air Lines Inc.,425,SEA,ANC,2003,2114
2023-08-31,JetBlue Airways,1118,JFK,BOS,1659,1624
2023-08-31,Frontier Airlines Inc.,2667,SJU,MCO,258,351
2023-08-31,Delta Air Lines Inc.,1498,BOS,MCO,1259,1353
2023-08-31,Southwest Airlines Co.,2884,DEN,TUL,1545,1503
2023-08-31,Southwest Airlines Co.,332,SAN,LAS,1825,1857
2023-08-31,Frontier Airlines Inc.,4894,SJU,STT,1106,1004
2023-08-31,Frontier Airlines Inc.,2129,LAS,SAN,1057,851
2023-08-31,Envoy Air,3816,HRL,DFW,2001,2133
2023-08-31,Frontier Airlines Inc.,2006,LAS,AUS,620,500
2023-08-31,Delta Air Lines Inc.,2558,SEA,SAN,745,718
2023-08-31,Southwest Airlines Co.,5155,DAL,MSY,1155,1238
2023-08-31,American Airlines Inc.,2148,DCA,BOS,1800,1809
2023-08-31,Southwest Airlines Co.,687,LAS,DEN,2230,2359
2023-08-31,Southwest Airlines Co.,2205,SNA,LAS,1850,1906
2023-08-31,Spirit Air Lines,1878,MCO,AUS,1039,1115
2023-08-31,Spirit Air Lines,1166,BOS,CLT,1850,1732
2023-08-31,American Airlines Inc.,806,CLT,BOS,1459,1410
2023-08-31,Southwest Airlines Co.,1222,SJC,PHX,2225,2219
2023-08-31,Delta Air Lines Inc.,1468,MIA,DTW,1227,1104
2023-08-31,Southwest Airlines Co.,2820,BWI,RDU,1525,1503
2023-08-31,Spirit Air Lines,1272,LAS,IAH,1240,1505
2023-08-31,Spirit Air Lines,169,MSP,LAS,2230,2225
2023-08-31,SkyWest Airlines Inc.,4833,LFT,DFW,1959,1921
2023-08-31,American Airlines Inc.,508,DFW,FAT,1745,1706
2023-08-31,Southwest Airlines Co.,942,LAS,SFO,1735,1719
2023-08-31,SkyWest Airlines Inc.,4791,SFO,RDD,1851,2048
2023-08-31,American Airlines Inc.,1425,DFW,BDL,1911,1810
2023-08-31,Delta Air Lines Inc.,1368,JFK,MIA,1100,1006
2023-08-31,United Air Lines Inc.,280,DEN,ANC,1902,1843
2023-08-31,Southwest Airlines Co.,4151,ATL,IND,1940,2131
2023-08-31,Southwest Airlines Co.,947,BWI,CLE,1430,1152
2023-08-31,SkyWest Airlines Inc.,3125,PHX,RDM,2035,2101
2023-08-31,Spirit Air Lines,99,ATL,EWR,1806,1739
2023-08-31,Alaska Airlines Inc.,1122,PDX,SAN,2130,2130
2023-08-31,United Air Lines Inc.,2371,DEN,SYR,1749,1615
2023-08-31,Spirit Air Lines,1198,MCO,MCI,1932,1908
2023-08-31,Alaska Airlines Inc.,1150,BUR,SEA,1605,1826
2023-08-31,Delta Air Lines Inc.,1445,PHX,DTW,2259,2359
2023-08-31,Delta Air Lines Inc.,2708,PIT,ATL,1839,1800
2023-08-31,American Airlines Inc.,1164,CLT,GSP,1626,1534
2023-08-31,Delta Air Lines Inc.,1349,DEN,MSP,610,737
2023-08-31,Delta Air Lines Inc.,2289,SLC,SAN,800,653
2023-08-31,Frontier Airlines Inc.,2426,SAN,CLE,1031,1222
2023-08-31,Southwest Airlines Co.,2416,LAX,DAL,1745,1914
2023-08-31,Frontier Airlines Inc.,2186,ONT,LAS,1924,1835
2023-08-31,JetBlue Airways,2194,MCO,EWR,2150,2324
2023-08-31,American Airlines Inc.,1763,RDU,MIA,1634,1525
2023-08-31,Delta Air Lines Inc.,1602,MIA,JFK,1948,1749
2023-08-31,Southwest Airlines Co.,1002,SNA,LAS,1745,1827
2023-08-31,Southwest Airlines Co.,2243,LAX,PHX,2155,2112
2023-08-31,Southwest Airlines Co.,3074,BWI,HOU,1810,1720
2023-08-31,United Air Lines Inc.,1753,DEN,PIT,1019,1123
2023-08-31,Spirit Air Lines,1167,CLT,BOS,2220,2359
2023-08-31,Southwest Airlines Co.,169,STL,LAS,2125,2034
2023-08-31,PSA Airlines Inc.,5081,DCA,BTV,1009,1022
2023-08-31,Southwest Airlines Co.,2564,ATL,MCO,2200,2336
2023-08-31,Republic Airline,5669,MKE,BOS,1028,1129
2023-08-31,Spirit Air Lines,1911,DFW,FLL,728,603
2023-08-31,Southwest Airlines Co.,503,DEN,SMF,1530,1358
2023-08-31,PSA Airlines Inc.,5477,DCA,BUF,1024,943
2023-08-31,Southwest Airlines Co.,324,BWI,BOS,2225,2118
2023-08-31,Alaska Airlines Inc.,206,JNU,SEA,1255,1422
2023-08-31,Southwest Airlines Co.,3945,RDU,BWI,1325,1414
2023-08-31,Delta Air Lines Inc.,1137,ATL,BNA,1538,1531
2023-08-31,Delta Air Lines Inc.,1426,MSP,MCO,1950,1748
2023-08-31,Allegiant Air,21,LRD,LAS,2224,2213
2023-08-31,Spirit Air Lines,1042,SJU,MCO,2115,2201
2023-08-31,Southwest Airlines Co.,3024,AUS,DEN,2020,2222
2023-08-31,United Air Lines Inc.,725,SFO,LAS,1924,1904
2023-08-31,JetBlue Airways,2593,JFK,MIA,1130,853
2023-08-31,United Air Lines Inc.,643,KOA,SFO,1305,1301
2023-08-31,SkyWest Airlines Inc.,4789,ORD,FAR,1955,1945
2023-08-31,Allegiant Air,2262,PSC,AZA,2035,2008
2023-08-31,Spirit Air Lines,3151,ORD,MIA,1316,1223
2023-08-31,Southwest Airlines Co.,642,DEN,SMF,840,1013
2023-08-31,Alaska Airlines Inc.,1134,SEA,ONT,2130,2226
2023-08-31,Allegiant Air,1368,SRQ,IAD,1100,1115
2023-08-31,Delta Air Lines Inc.,2602,MIA,RDU,2025,1944
2023-08-31,Alaska Airlines Inc.,547,BOS,SFO,700,804
2023-08-31,Endeavor Air Inc.,5225,MGM,ATL,1835,1911
2023-08-31,Southwest Airlines Co.,2282,BWI,PBI,1900,1940
2023-08-31,Southwest Airlines Co.,2206,LAS,SBA,2035,2130
2023-08-31,American Airlines Inc.,632,MCO,PHL,710,709
2023-08-31,Southwest Airlines Co.,3401,CLT,BWI,735,900
2023-08-31,American Airlines Inc.,1903,CLT,MCI,2232,2204
2023-08-31,Frontier Airlines Inc.,1170,MCO,PHL,1824,1947
2023-08-31,Southwest Airlines Co.,867,AUS,ATL,1600,1735
2023-08-31,Southwest Airlines Co.,4795,MDW,SAT,945,912
2023-08-31,Hawaiian Airlines Inc.,184,LIH,HNL,1025,1105
2023-08-31,United Air Lines Inc.,616,ORD,DCA,1355,1234
2023-08-31,Spirit Air Lines,1244,DEN,LAS,945,1010
2023-08-31,Republic Airline,5791,LGA,PWM,945,936
2023-08-31,American Airlines Inc.,1562,MIA,DFW,700,709
2023-08-31,American Airlines Inc.,1615,CLT,MCI,1615,1646
2023-08-31,Republic Airline,5592,LGA,CMH,1210,1306
2023-08-31,JetBlue Airways,69,BOS,FLL,1231,1222
2023-08-31,Southwest Airlines Co.,3262,PHX,SMF,835,926
2023-08-31,Endeavor Air Inc.,5254,PWM,JFK,551,514
2023-08-31,Alaska Airlines Inc.,1176,SEA,SAN,1150,918
2023-08-31,Delta Air Lines Inc.,2771,ATL,DAY,2225,2258
2023-08-31,United Air Lines Inc.,671,DEN,BZN,1142,1221
2023-08-31,Spirit Air Lines,612,LAS,MSP,1630,1636
2023-08-31,American Airlines Inc.,2070,SDF,CLT,1209,1115
2023-08-31,American Airlines Inc.,2934,CLT,SAT,1458,1500
2023-08-31,American Airlines Inc.,2307,PHX,RDU,1540,1612
2023-08-31,American Airlines Inc.,873,BOS,MIA,843,929
2023-08-31,Alaska Airlines Inc.,638,PDX,LAS,1110,1130
2023-08-31,American Airlines Inc.,2709,DFW,PSP,1925,2157
2023-08-31,Alaska Airlines Inc.,19,JFK,PDX,1145,1209
2023-08-31,United Air Lines Inc.,658,MSP,ORD,1715,1809
2023-08-31,Southwest Airlines Co.,5337,LAS,BNA,1205,1400
2023-08-31,Spirit Air Lines,1109,MCO,IND,2133,1936
2023-08-31,Endeavor Air Inc.,4904,LGA,BGR,945,800
2023-08-31,Republic Airline,5844,LGA,BOS,1100,953
2023-08-31,American Airlines Inc.,2633,MIA,PHX,2101,2300
2023-08-31,Delta Air Lines Inc.,2110,SEA,SAN,1940,2025
2023-08-31,Spirit Air Lines,1053,ATL,FLL,1845,1745
2023-08-31,Alaska Airlines Inc.,1014,SEA,GEG,2255,2247
2023-08-31,Delta Air Lines Inc.,1384,MSP,SFO,949,844
2023-08-31,Spirit Air Lines,195,MCO,FLL,815,652
2023-08-31,United Air Lines Inc.,2416,LAS,SFO,2005,1949
2023-08-31,Spirit Air Lines,759,ORD,LAS,2155,2051
2023-08-31,United Air Lines Inc.,1312,EWR,SFO,800,649
2023-08-31,American Airlines Inc.,2679,DFW,SRQ,1220,1316
2023-08-31,JetBlue Airways,2273,EWR,TPA,2030,2056
2023-08-31,Southwest Airlines Co.,1475,ORD,DAL,1720,1958
2023-08-31,Spirit Air Lines,1292,LAS,IAH,1659,1612
2023-08-31,Delta Air Lines Inc.,2579,ONT,SEA,1130,1407
2023-08-31,Spirit Air Lines,3160,MIA,CLE,1413,1235
2023-08-31,Spirit Air Lines,591,LAX,IAH,1915,1920
2023-08-31,Alaska Airlines Inc.,1074,PDX,SAN,600,634
2023-08-31,JetBlue Airways,591,BOS,TPA,1028,936
2023-08-31,Delta Air Lines Inc.,2205,SEA,JNU,1959,2024
2023-08-31,American Airlines Inc.,2321,RSW,CLT,1609,1617
2023-08-31,United Air Lines Inc.,731,SFO,PHX,1036,933
2023-08-31,Delta Air Lines Inc.,1043,SAT,LAX,1541,1335
2023-08-31,United Air Lines Inc.,656,ORD,ALB,1824,1815
2023-08-31,American Airlines Inc.,2535,SAN,DFW,712,839
2023-08-31,American Airlines Inc.,436,CLT,TPA,1116,1203
2023-08-31,Southwest Airlines Co.,948,BWI,DEN,1845,1857
2023-08-31,United Air Lines Inc.,648,DEN,RSW,941,1008
2023-08-31,Allegiant Air,3210,AZA,PVU,1534,1533
2023-08-31,Southwest Airlines Co.,207,DEN,PDX,1830,1912
2023-08-31,JetBlue Airways,1855,BOS,DCA,1200,1339
2023-08-31,Frontier Airlines Inc.,2084,SFO,LAS,1858,1833
2023-08-31,SkyWest Airlines Inc.,5033,ORD,CMX,1605,1620
2023-08-31,Delta Air Lines Inc.,2360,BZN,MSP,1126,851
2023-08-31,American Airlines Inc.,2042,CLT,ECP,946,724
2023-08-31,Republic Airline,5763,CLT,BOS,710,711
2023-08-31,Frontier Airlines Inc.,2007,AUS,LAS,1212,1205
2023-08-31,Spirit Air Lines,1505,FLL,PIT,2115,2310
2023-08-31,Southwest Airlines Co.,985,OAK,SEA,2040,2032
2023-08-31,Southwest Airlines Co.,4835,SMF,LAS,1845,1805
2023-08-31,Spirit Air Lines,371,FLL,BQN,2244,2226
2023-08-31,Allegiant Air,3240,PVU,SNA,1153,1119
2023-08-31,SkyWest Airlines Inc.,5036,DEN,VEL,906,811
2023-08-31,Southwest Airlines Co.,198,LAS,LAX,2220,2243
2023-08-31,Frontier Airlines Inc.,1015,MCO,ATL,1011,1035
2023-08-31,Allegiant Air,2825,GSP,SFB,1735,1536
2023-08-31,Spirit Air Lines,191,LAS,OAK,1121,1333
2023-08-31,Frontier Airlines Inc.,1651,PHL,RDU,1237,1229
2023-08-31,United Air Lines Inc.,1939,EWR,PBI,925,914
2023-08-31,American Airlines Inc.,1766,PHX,SAN,1719,1608
2023-08-31,Southwest Airlines Co.,925,SJC,LAS,1825,1940
2023-08-31,Delta Air Lines Inc.,2190,SLC,LAS,1848,1804
2023-08-31,United Air Lines Inc.,1309,EWR,BNA,1130,955
2023-08-31,American Airlines Inc.,457,MCO,MIA,1735,1715
2023-08-31,JetBlue Airways,472,FLL,LGA,1744,1808
2023-08-31,Envoy Air,3651,ORD,CVG,2030,2112
2023-08-31,American Airlines Inc.,436,TPA,CLT,1348,1243
2023-08-31,SkyWest Airlines Inc.,3350,SBP,SEA,1051,1123
2023-08-31,United Air Lines Inc.,1340,FLL,EWR,1101,932
2023-08-31,Southwest Airlines Co.,433,DEN,ABQ,1940,2121
2023-08-31,Southwest Airlines Co.,1919,MSY,MCO,1600,1653
2023-08-31,United Air Lines Inc.,590,BWI,ORD,1741,1611
2023-08-31,Allegiant Air,23,LAS,LRD,1649,1633
2023-08-31,SkyWest Airlines Inc.,3315,SFO,PDX,945,855
2023-08-31,American Airlines Inc.,1789,MIA,LAS,2009,1953
2023-08-31,PSA Airlines Inc.,5621,GSP,PHL,802,814
2023-08-31,United Air Lines Inc.,778,DEN,BZN,1919,2016
2023-08-31,Spirit Air Lines,137,MYR,MCO,1840,1732
2023-08-31,Hawaiian Airlines Inc.,197,KOA,HNL,1050,1037
2023-08-31,American Airlines Inc.,2294,PHX,PSP,1015,1024
2023-08-31,United Air Lines Inc.,2409,TPA,EWR,800,927
2023-08-31,Alaska Airlines Inc.,763,PHX,SEA,1955,2146
2023-08-31,Southwest Airlines Co.,3709,SJC,HNL,1330,1342
2023-08-31,American Airlines Inc.,1962,CLT,PIT,2232,2149
2023-08-31,American Airlines Inc.,2127,MCO,MIA,2030,2153
2023-08-31,United Air Lines Inc.,652,ATL,IAH,1508,1319
2023-08-31,United Air Lines Inc.,2259,MCO,ORD,1804,1836
2023-08-31,Southwest Airlines Co.,2470,RIC,MDW,1300,1311
2023-08-31,Allegiant Air,1589,PVU,LAX,1438,1444
2023-08-31,Envoy Air,3325,PIT,MIA,1400,1247
2023-08-31,Southwest Airlines Co.,1981,DEN,SMF,1740,1756
2023-08-31,Southwest Airlines Co.,1967,BWI,BOS,1030,821
2023-08-31,Southwest Airlines Co.,851,STL,LGA,1450,1612
2023-08-31,Southwest Airlines Co.,706,MCO,DAL,1520,1147
2023-08-31,American Airlines Inc.,2871,ATL,MIA,1756,1741
2023-08-31,Southwest Airlines Co.,2948,LAS,SAN,1645,1620
2023-08-31,Southwest Airlines Co.,1981,BNA,DEN,1510,1607
2023-08-31,Spirit Air Lines,201,FLL,STT,1341,1118
2023-08-31,American Airlines Inc.,2070,CLT,SDF,1002,814
2023-08-31,SkyWest Airlines Inc.,5471,RDD,SFO,2057,2149
2023-08-31,American Airlines Inc.,1077,MIA,AUS,2115,2234
2023-08-31,United Air Lines Inc.,1888,ORD,ABQ,930,919
2023-08-31,Southwest Airlines Co.,2927,AUS,LAS,1855,1710
2023-08-31,JetBlue Airways,2514,LGA,ATL,2045,1900
2023-08-31,American Airlines Inc.,536,CLT,ORD,1636,1638
2023-08-31,SkyWest Airlines Inc.,3469,SBP,PDX,1635,1711
2023-08-31,Spirit Air Lines,198,FLL,MCO,830,832
2023-08-31,Southwest Airlines Co.,649,LAX,BWI,1645,1824
2023-08-31,Southwest Airlines Co.,744,OMA,DEN,2025,2126
2023-08-31,Southwest Airlines Co.,834,MKE,DEN,1320,1201
2023-08-31,Southwest Airlines Co.,483,FLL,BWI,1900,1846
2023-08-31,Southwest Airlines Co.,3042,SJC,SAN,700,907
2023-08-31,American Airlines Inc.,2905,CLT,TPA,1459,1234
2023-08-31,JetBlue Airways,1720,MIA,BOS,2038,2024
2023-08-31,United Air Lines Inc.,1924,SAN,DEN,1809,1625
2023-08-31,Southwest Airlines Co.,1420,BNA,LAS,2130,2201
2023-08-31,PSA Airlines Inc.,5298,DCA,BDL,1235,1732
2023-08-31,Allegiant Air,2260,AZA,HOU,1549,1517
2023-08-31,SkyWest Airlines Inc.,5411,DEN,ASE,1600,1627
2023-08-31,Southwest Airlines Co.,392,LAS,AMA,1200,1320
2023-08-31,American Airlines Inc.,2707,DFW,AUS,2045,2233
2023-08-31,Spirit Air Lines,616,FLL,BOS,2040,2137
2023-08-31,Endeavor Air Inc.,5339,PVD,LGA,1511,1453
2023-08-31,American Airlines Inc.,2655,DFW,PDX,855,900
2023-08-31,Spirit Air Lines,136,MCO,MYR,1619,1602
2023-08-31,JetBlue Airways,568,FLL,ATL,2020,2025
2023-08-31,JetBlue Airways,1802,FLL,JFK,2115,2019
2023-08-31,American Airlines Inc.,2439,SLC,DFW,1405,1354
2023-08-31,Southwest Airlines Co.,2093,CLE,BNA,2035,1941
2023-08-31,Endeavor Air Inc.,5350,AEX,ATL,1620,1824
2023-08-31,Southwest Airlines Co.,2561,SJC,SNA,1945,2014
2023-08-31,Spirit Air Lines,1786,ORD,LAX,1623,1620
2023-08-31,PSA Airlines Inc.,5383,MYR,CLT,905,1015
2023-08-31,Delta Air Lines Inc.,1682,MCO,BOS,1726,1825
2023-08-31,Spirit Air Lines,414,MKE,LAS,1754,1602
2023-08-31,JetBlue Airways,1248,TPA,LGA,1114,1021
2023-08-31,Southwest Airlines Co.,2903,BUF,MCO,1625,1610
2023-08-31,Allegiant Air,282,AZA,BLI,1858,1802
2023-08-31,Southwest Airlines Co.,2544,LAX,LAS,2115,2215
2023-08-31,American Airlines Inc.,2755,CLT,SAN,1838,1634
2023-08-31,United Air Lines Inc.,2363,DEN,SEA,1614,1453
2023-08-31,United Air Lines Inc.,1609,DFW,IAH,1748,1532
2023-08-31,United Air Lines Inc.,1634,IAH,DFW,720,831
2023-08-31,Delta Air Lines Inc.,1324,ATL,MIA,2308,2210
2023-08-31,Southwest Airlines Co.,2458,PHX,LGB,830,957
2023-08-31,Spirit Air Lines,1078,FLL,ATL,1825,1829
2023-08-31,JetBlue Airways,1861,LGA,RSW,1359,1329
2023-08-31,Alaska Airlines Inc.,1327,SFO,SEA,1955,1934
2023-08-31,Allegiant Air,181,SFB,ABE,1900,2007
2023-08-31,Southwest Airlines Co.,1057,SMF,GEG,2030,2056
2023-08-31,Southwest Airlines Co.,2936,MDW,SMF,950,1020
2023-08-31,United Air Lines Inc.,1698,ORD,PDX,1620,1629
2023-08-31,Southwest Airlines Co.,3397,PDX,LAS,2005,2204
2023-08-31,Alaska Airlines Inc.,340,SEA,MCO,755,814
2023-08-31,Frontier Airlines Inc.,4889,PSE,MCO,1424,1129
2023-08-31,Southwest Airlines Co.,268,OAK,SLC,1940,2013
2023-08-31,Southwest Airlines Co.,853,LAS,OKC,1815,1932
2023-08-31,SkyWest Airlines Inc.,4716,HDN,DEN,1520,1324
2023-08-31,Southwest Airlines Co.,2775,FLL,STL,1845,2050
2023-08-31,Delta Air Lines Inc.,1303,MSP,ATL,2020,2100
2023-08-31,Frontier Airlines Inc.,1352,ATL,MDW,2328,2148
2023-08-31,Hawaiian Airlines Inc.,465,HNL,PPG,1640,1601
2023-08-31,American Airlines Inc.,1295,JAX,MIA,1910,2022
2023-08-31,Allegiant Air,441,LAS,DSM,1053,1022
2023-08-31,Southwest Airlines Co.,4970,DEN,MSP,2030,2035
2023-08-31,JetBlue Airways,1159,BOS,PHL,1017,1127
2023-08-31,Southwest Airlines Co.,2954,ATL,DEN,1620,1604
2023-08-31,Southwest Airlines Co.,1111,PBI,ATL,1700,1535
2023-08-31,Spirit Air Lines,3159,CLE,MIA,1809,1814
2023-08-31,United Air Lines Inc.,1148,DEN,IAH,1325,1207
2023-08-31,Alaska Airlines Inc.,1114,SEA,SJC,1120,1238
2023-08-31,United Air Lines Inc.,1759,IAH,CVG,2010,2013
2023-08-31,Republic Airline,5608,BOS,DCA,910,838
2023-08-31,United Air Lines Inc.,786,ORD,BTV,1045,1301
2023-08-31,American Airlines Inc.,2784,DCA,ORD,1629,1602
2023-08-31,Delta Air Lines Inc.,711,SEA,FAI,2151,2359
2023-08-31,Southwest Airlines Co.,2442,ECP,BNA,1710,1533
2023-08-31,American Airlines Inc.,1384,ORD,LAX,1820,1830
2023-08-31,Southwest Airlines Co.,4006,DEN,RDU,1855,1804
2023-08-31,JetBlue Airways,2054,SJU,FLL,1712,1719
2023-08-31,United Air Lines Inc.,630,BUF,ORD,1741,1832
2023-08-31,Delta Air Lines Inc.,2897,MSP,PHL,1035,1233
2023-08-31,Delta Air Lines Inc.,2135,FAI,SEA,137,150
2023-08-31,American Airlines Inc.,640,PHX,CLT,2259,2307
2023-08-31,Frontier Airlines Inc.,2427,CLE,SAN,1909,1903
2023-08-31,Southwest Airlines Co.,775,MCO,MDW,1645,1504
2023-08-31,American Airlines Inc.,1032,JFK,MIA,657,822
2023-08-31,American Airlines Inc.,843,DFW,SDF,1854,1933
2023-08-31,Delta Air Lines Inc.,2346,ORD,BOS,2025,2051
2023-08-31,Southwest Airlines Co.,3283,BUR,LAS,1900,1902
2023-08-31,Spirit Air Lines,2123,LAS,OAK,2120,2107
2023-08-31,United Air Lines Inc.,1701,TVC,ORD,1151,1112
2023-08-31,Southwest Airlines Co.,1071,LAS,MCI,2105,2201
2023-08-31,JetBlue Airways,2626,FLL,RDU,2059,2122
2023-08-31,Southwest Airlines Co.,1519,MCO,BWI,2030,2107
2023-08-31,American Airlines Inc.,1806,TPA,PHL,700,851
2023-08-31,Alaska Airlines Inc.,535,AUS,SFO,1530,1309
2023-08-31,JetBlue Airways,1134,SJU,MCO,2025,1839
2023-08-31,Allegiant Air,11,LAS,FAT,1351,1310
2023-08-31,Southwest Airlines Co.,1252,LAS,ORD,1150,1042
2023-08-31,SkyWest Airlines Inc.,3859,SLC,OAK,1550,1516
2023-08-31,Southwest Airlines Co.,2966,LAS,MKE,1845,1804
2023-08-31,Delta Air Lines Inc.,2724,DAY,ATL,600,518
2023-08-31,PSA Airlines Inc.,5462,CLT,LFT,1301,1428
2023-08-31,Delta Air Lines Inc.,1710,JFK,SAT,1030,821
2023-08-31,Delta Air Lines Inc.,1402,BWI,MSP,1142,1251
2023-08-31,American Airlines Inc.,2495,MIA,MCO,1400,1221
2023-08-31,Frontier Airlines Inc.,457,ATL,DEN,2229,2214
2023-08-31,Delta Air Lines Inc.,1689,SEA,PHX,1505,1612
2023-08-31,Frontier Airlines Inc.,2347,PHL,PBI,1734,1847
2023-08-31,SkyWest Airlines Inc.,4157,SJC,LAX,1325,1244
2023-08-31,Envoy Air,3538,AUS,MEM,2048,2025
2023-08-31,American Airlines Inc.,2283,PWM,CLT,1229,1330
2023-08-31,American Airlines Inc.,2918,CLT,SJU,1915,1831
2023-08-31,American Airlines Inc.,638,ABQ,PHX,1905,1820
2023-08-31,Spirit Air Lines,2044,MHT,MCO,700,601
2023-08-31,Southwest Airlines Co.,1417,LAX,OAK,2045,2120
2023-08-31,SkyWest Airlines Inc.,3824,SLC,LGB,2044,2021
